<!-- [ Mirror metadata ] generatedAt: 1485256213217 -->
<!-- Generated screen file. Fill the id tags below with content with
which to populate your previewed layout. For a complete specification
of sample data, please see http://jimulabs.com/sample-data-specifications/ 

Valid attributes on <screen> tag: theme="@style/someTheme" inEditMode="false" overlay="@drawable/mockup" -->
<screen>
    <_content layout="@layout/activity_sign_in">
        <!-- TextView Examples:
        <activity_sign_in_app_name text="@string/string_resource" />
        <activity_sign_in_app_name text="Text literal" textSize="14sp" /> -->
        <activity_sign_in_app_name />
        <activity_sign_in_sub_app_name />
        <activity_sign_in_sign_up_text />
        <!-- ImageView Examples:
        <activity_sign_in_fb src="@drawable/image_resource" />
        <activity_sign_in_fb src="relative_path/image.jpg" /> -->
        <activity_sign_in_fb />
        <activity_sign_in_twitter />
        <activity_sign_in_google_plus />
    </_content>
</screen>
